[
  {
    "id": "65c28178-72fb-4c21-82b1-7b2e6ccc9c9d",
    "data": [
      {
        "text": "What promotions do you have?",
        "userDefined": false
      }
    ],
    "isTemplate": false,
    "count": 0,
    "lang": "en",
    "updated": 0
  },
  {
    "id": "37e59534-9026-41d2-8eda-ee3754fa909b",
    "data": [
      {
        "text": "Is it possible to skip payment?",
        "userDefined": false
      }
    ],
    "isTemplate": false,
    "count": 0,
    "lang": "en",
    "updated": 0
  },
  {
    "id": "90171818-31b5-475b-8601-ae214e946490",
    "data": [
      {
        "text": "Can I skip payment?",
        "userDefined": false
      }
    ],
    "isTemplate": false,
    "count": 0,
    "lang": "en",
    "updated": 0
  }
]