[
  {
    "id": "cc9d5280-4693-487d-8119-7336fedb6f0a",
    "data": [
      {
        "text": "Do I need to wear bike warmers?",
        "userDefined": false
      }
    ],
    "isTemplate": false,
    "count": 0,
    "lang": "en",
    "updated": 0
  },
  {
    "id": "bbd42e06-0b24-4249-9a1d-082fd67f0f97",
    "data": [
      {
        "text": "Is it windy ",
        "userDefined": false
      },
      {
        "text": "today",
        "meta": "@sys.date-time",
        "alias": "date-time",
        "userDefined": false
      },
      {
        "text": "?",
        "userDefined": false
      }
    ],
    "isTemplate": false,
    "count": 0,
    "lang": "en",
    "updated": 0
  },
  {
    "id": "2ad219aa-7638-4e31-968e-a0df64444fb1",
    "data": [
      {
        "text": "Is it cloudy ",
        "userDefined": false
      },
      {
        "text": "today",
        "meta": "@sys.date-time",
        "alias": "date-time",
        "userDefined": false
      },
      {
        "text": "?",
        "userDefined": false
      }
    ],
    "isTemplate": false,
    "count": 0,
    "lang": "en",
    "updated": 0
  },
  {
    "id": "54a043c8-60bd-4e99-964b-27724abfad2a",
    "data": [
      {
        "text": "Will it ",
        "userDefined": false
      },
      {
        "text": "rain",
        "meta": "@temperature",
        "alias": "temperature",
        "userDefined": true
      },
      {
        "text": " today?",
        "userDefined": false
      }
    ],
    "isTemplate": false,
    "count": 0,
    "lang": "en",
    "updated": 0
  },
  {
    "id": "6af53ca6-4886-4035-a2bb-d5d2b3015086",
    "data": [
      {
        "text": "Is today a ",
        "userDefined": false
      },
      {
        "text": "good",
        "meta": "@temperature",
        "alias": "temperature",
        "userDefined": true
      },
      {
        "text": " day to ride a bike?",
        "userDefined": false
      }
    ],
    "isTemplate": false,
    "count": 0,
    "lang": "en",
    "updated": 0
  },
  {
    "id": "e5bded1c-9ab0-44b9-94d0-9e6eb63a22e8",
    "data": [
      {
        "text": "How is the ",
        "userDefined": false
      },
      {
        "text": "weather",
        "meta": "@temperature",
        "alias": "temperature",
        "userDefined": true
      },
      {
        "text": " today?",
        "userDefined": false
      }
    ],
    "isTemplate": false,
    "count": 0,
    "lang": "en",
    "updated": 0
  },
  {
    "id": "7dbcdadd-a7cb-4336-94e0-d0aa5aaa75ec",
    "data": [
      {
        "text": "Is it ",
        "userDefined": false
      },
      {
        "text": "cold",
        "meta": "@temperature",
        "alias": "temperature",
        "userDefined": true
      },
      {
        "text": " enough to wear a jacket today?",
        "userDefined": false
      }
    ],
    "isTemplate": false,
    "count": 0,
    "lang": "en",
    "updated": 0
  }
]