[
  {
    "id": "f85f72e3-ca6e-4bd8-a9e3-b1a54ee931af",
    "data": [
      {
        "text": "I would like like to know about fitness trackers.",
        "userDefined": false
      }
    ],
    "isTemplate": false,
    "count": 0,
    "lang": "en",
    "updated": 0
  },
  {
    "id": "5cfd4e7d-cd14-448f-8a15-d8614d4b9b63",
    "data": [
      {
        "text": "I am interested in a training monitor",
        "userDefined": false
      }
    ],
    "isTemplate": false,
    "count": 0,
    "lang": "en",
    "updated": 0
  },
  {
    "id": "99158dfb-d0f3-457a-a8ab-12f824c1ff6b",
    "data": [
      {
        "text": "What training monitors do you suggest?",
        "userDefined": false
      }
    ],
    "isTemplate": false,
    "count": 0,
    "lang": "en",
    "updated": 0
  }
]