[
  {
    "id": "2942d7e3-cf74-4012-a2b4-b42d222d9e43",
    "data": [
      {
        "text": "Where is your ",
        "userDefined": false
      },
      {
        "text": "store",
        "meta": "@sys.ignore",
        "userDefined": false
      },
      {
        "text": "?",
        "userDefined": false
      }
    ],
    "isTemplate": false,
    "count": 0,
    "lang": "en",
    "updated": 0
  },
  {
    "id": "6ab233f6-1fbe-41e4-a2be-9314677e3efb",
    "data": [
      {
        "text": "Where are you?",
        "userDefined": false
      }
    ],
    "isTemplate": false,
    "count": 0,
    "lang": "en",
    "updated": 0
  },
  {
    "id": "1e40224e-3e1e-42b9-ae01-c78368013cff",
    "data": [
      {
        "text": "Where can I find you?",
        "userDefined": false
      }
    ],
    "isTemplate": false,
    "count": 0,
    "lang": "en",
    "updated": 0
  },
  {
    "id": "59860a57-6396-4d6e-b7ab-46f466e3b6ec",
    "data": [
      {
        "text": "What is your address?",
        "userDefined": false
      }
    ],
    "isTemplate": false,
    "count": 0,
    "lang": "en",
    "updated": 0
  },
  {
    "id": "1b44d8a7-0f53-4c40-ad85-411aee048966",
    "data": [
      {
        "text": "Where is your ",
        "userDefined": false
      },
      {
        "text": "store",
        "meta": "@sys.ignore",
        "userDefined": false
      },
      {
        "text": " located?",
        "userDefined": false
      }
    ],
    "isTemplate": false,
    "count": 0,
    "lang": "en",
    "updated": 0
  }
]