[
  {
    "id": "0d78a8e3-b03c-484c-95d3-a75ef993b402",
    "data": [
      {
        "text": "What is ",
        "userDefined": false
      },
      {
        "text": "good",
        "meta": "@sys.ignore",
        "userDefined": false
      },
      {
        "text": " fuel for my ride?",
        "userDefined": false
      }
    ],
    "isTemplate": false,
    "count": 0,
    "lang": "en",
    "updated": 0
  },
  {
    "id": "50a31673-4440-4344-b6a6-a4472abf53f1",
    "data": [
      {
        "text": "What should I eat during my bike rides?",
        "userDefined": false
      }
    ],
    "isTemplate": false,
    "count": 0,
    "lang": "en",
    "updated": 0
  },
  {
    "id": "a126b044-079c-4a56-b42f-ed93c6330f7e",
    "data": [
      {
        "text": "I am interested in bike nutrition",
        "userDefined": false
      }
    ],
    "isTemplate": false,
    "count": 0,
    "lang": "en",
    "updated": 0
  }
]