[
  {
    "id": "b5bc66ed-917e-4ca3-a7ec-46ea9bfd375c",
    "data": [
      {
        "text": "What are some local rides?",
        "userDefined": false
      }
    ],
    "isTemplate": false,
    "count": 0,
    "lang": "en",
    "updated": 0
  },
  {
    "id": "ae17bf9d-4bbe-4e3a-9e1a-ca37f0abe7ac",
    "data": [
      {
        "text": "I want to ride socially",
        "userDefined": false
      }
    ],
    "isTemplate": false,
    "count": 0,
    "lang": "en",
    "updated": 0
  },
  {
    "id": "2b886a54-c788-4071-9f89-e0fd726bb7c2",
    "data": [
      {
        "text": "I want to ride with other people",
        "userDefined": false
      }
    ],
    "isTemplate": false,
    "count": 0,
    "lang": "en",
    "updated": 0
  },
  {
    "id": "5d3aa462-30f5-4db6-9be9-c7100806f3ac",
    "data": [
      {
        "text": "When do group rides meet?",
        "userDefined": false
      }
    ],
    "isTemplate": false,
    "count": 0,
    "lang": "en",
    "updated": 0
  },
  {
    "id": "40cc0390-8b66-4049-b977-49e696474bd8",
    "data": [
      {
        "text": "What kind of group rides can I join?",
        "userDefined": false
      }
    ],
    "isTemplate": false,
    "count": 0,
    "lang": "en",
    "updated": 0
  },
  {
    "id": "db6b292c-7859-49a3-a990-c99da57c3165",
    "data": [
      {
        "text": "I want to join a ride group",
        "userDefined": false
      }
    ],
    "isTemplate": false,
    "count": 0,
    "lang": "en",
    "updated": 0
  }
]