[
  {
    "id": "b3b47c42-92df-4953-9c0e-b4f17679b857",
    "data": [
      {
        "text": "Later",
        "userDefined": false
      }
    ],
    "isTemplate": false,
    "count": 0,
    "lang": "en",
    "updated": 0
  },
  {
    "id": "ddb9f2ab-25e9-4a80-af0a-efa77610c26a",
    "data": [
      {
        "text": "Hasta la vista",
        "userDefined": false
      }
    ],
    "isTemplate": false,
    "count": 0,
    "lang": "en",
    "updated": 0
  },
  {
    "id": "32efd02e-6b86-40c5-a963-0c6276c747d2",
    "data": [
      {
        "text": "Have a nice day",
        "userDefined": false
      }
    ],
    "isTemplate": false,
    "count": 0,
    "lang": "en",
    "updated": 0
  },
  {
    "id": "bee6b88d-de77-4e8d-8507-49ed0c6676b7",
    "data": [
      {
        "text": "See you next time",
        "userDefined": false
      }
    ],
    "isTemplate": false,
    "count": 0,
    "lang": "en",
    "updated": 0
  },
  {
    "id": "998a6fdc-fd94-43fb-b370-de88d3a6cf3d",
    "data": [
      {
        "text": "See you later",
        "userDefined": false
      }
    ],
    "isTemplate": false,
    "count": 0,
    "lang": "en",
    "updated": 0
  },
  {
    "id": "e431e993-52d5-411c-bdf5-01f47ae599dd",
    "data": [
      {
        "text": "Goodbye",
        "userDefined": false
      }
    ],
    "isTemplate": false,
    "count": 0,
    "lang": "en",
    "updated": 0
  }
]